{"IcoMoonType":"selection","icons":[{"icon":{"paths":["M950.857 369.714c0 10.286-7.429 20-14.857 27.429l-207.429 202.286 49.143 285.714c0.571 4 0.571 7.429 0.571 11.429 0 14.857-6.857 28.571-23.429 28.571-8 0-16-2.857-22.857-6.857l-256.571-134.857-256.571 134.857c-7.429 4-14.857 6.857-22.857 6.857-16.571 0-24-13.714-24-28.571 0-4 0.571-7.429 1.143-11.429l49.143-285.714-208-202.286c-6.857-7.429-14.286-17.143-14.286-27.429 0-17.143 17.714-24 32-26.286l286.857-41.714 128.571-260c5.143-10.857 14.857-23.429 28-23.429s22.857 12.571 28 23.429l128.571 260 286.857 41.714c13.714 2.286 32 9.143 32 26.286z"],"width":950.8571428571428,"attrs":[],"isMulticolor":false,"isMulticolor2":false,"tags":["star"],"defaultCode":61445,"grid":14},"attrs":[],"properties":{"name":"star","id":9,"order":27,"prevSize":28,"code":61445},"setIdx":0,"setId":3,"iconIdx":9},{"icon":{"paths":["M585.143 402.286c0 9.714-4 18.857-10.857 25.714l-256 256c-6.857 6.857-16 10.857-25.714 10.857s-18.857-4-25.714-10.857l-256-256c-6.857-6.857-10.857-16-10.857-25.714 0-20 16.571-36.571 36.571-36.571h512c20 0 36.571 16.571 36.571 36.571z"],"width":585.1428571428571,"attrs":[],"isMulticolor":false,"isMulticolor2":false,"tags":["caret-down"],"defaultCode":61655,"grid":14},"attrs":[],"properties":{"name":"caret-down","id":191,"order":25,"prevSize":28,"code":61655},"setIdx":0,"setId":3,"iconIdx":191},{"icon":{"paths":["M585.143 694.857c0 20-16.571 36.571-36.571 36.571h-512c-20 0-36.571-16.571-36.571-36.571 0-9.714 4-18.857 10.857-25.714l256-256c6.857-6.857 16-10.857 25.714-10.857s18.857 4 25.714 10.857l256 256c6.857 6.857 10.857 16 10.857 25.714z"],"width":585.1428571428571,"attrs":[],"isMulticolor":false,"isMulticolor2":false,"tags":["caret-up"],"defaultCode":61656,"grid":14},"attrs":[],"properties":{"name":"caret-up","id":192,"order":26,"prevSize":28,"code":61656},"setIdx":0,"setId":3,"iconIdx":192},{"icon":{"paths":["M402.286 219.429c-178.286 0-329.143 100.571-329.143 219.429 0 62.857 42.286 123.429 115.429 165.714l55.429 32-20 48c12-6.857 24-14.286 35.429-22.286l25.143-17.714 30.286 5.714c28.571 5.143 57.714 8 87.429 8 178.286 0 329.143-100.571 329.143-219.429s-150.857-219.429-329.143-219.429zM402.286 146.286c222.286 0 402.286 130.857 402.286 292.571s-180 292.571-402.286 292.571c-34.857 0-68.571-3.429-100.571-9.143-47.429 33.714-101.143 58.286-158.857 73.143-15.429 4-32 6.857-49.143 9.143h-1.714c-8.571 0-16.571-6.857-18.286-16.571v0c-2.286-10.857 5.143-17.714 11.429-25.143 22.286-25.143 47.429-47.429 66.857-94.857-92.571-53.714-152-136.571-152-229.143 0-161.714 180-292.571 402.286-292.571zM872 814.286c19.429 47.429 44.571 69.714 66.857 94.857 6.286 7.429 13.714 14.286 11.429 25.143v0c-2.286 10.286-10.857 17.714-20 16.571-17.143-2.286-33.714-5.143-49.143-9.143-57.714-14.857-111.429-39.429-158.857-73.143-32 5.714-65.714 9.143-100.571 9.143-103.429 0-198.286-28.571-269.714-75.429 16.571 1.143 33.714 2.286 50.286 2.286 122.857 0 238.857-35.429 327.429-99.429 95.429-69.714 148-164 148-266.286 0-29.714-4.571-58.857-13.143-86.857 96.571 53.143 159.429 137.714 159.429 233.143 0 93.143-59.429 175.429-152 229.143z"],"width":1024,"attrs":[],"isMulticolor":false,"isMulticolor2":false,"tags":["comments-o"],"defaultCode":61670,"grid":14},"attrs":[],"properties":{"name":"comments-o","id":205,"order":22,"prevSize":28,"code":61670},"setIdx":0,"setId":3,"iconIdx":205},{"icon":{"paths":["M521.143 969.143c0-5.143-4-9.143-9.143-9.143-45.143 0-82.286-37.143-82.286-82.286 0-5.143-4-9.143-9.143-9.143s-9.143 4-9.143 9.143c0 55.429 45.143 100.571 100.571 100.571 5.143 0 9.143-4 9.143-9.143zM987.429 804.571c0 40-33.143 73.143-73.143 73.143h-256c0 80.571-65.714 146.286-146.286 146.286s-146.286-65.714-146.286-146.286h-256c-40 0-73.143-33.143-73.143-73.143 84.571-71.429 182.857-199.429 182.857-475.429 0-109.714 90.857-229.714 242.286-252-2.857-6.857-4.571-14.286-4.571-22.286 0-30.286 24.571-54.857 54.857-54.857s54.857 24.571 54.857 54.857c0 8-1.714 15.429-4.571 22.286 151.429 22.286 242.286 142.286 242.286 252 0 276 98.286 404 182.857 475.429z"],"width":1024,"attrs":[],"isMulticolor":false,"isMulticolor2":false,"tags":["bell"],"defaultCode":61683,"grid":14},"attrs":[],"properties":{"name":"bell","id":217,"order":21,"prevSize":28,"code":61683},"setIdx":0,"setId":3,"iconIdx":217},{"icon":{"paths":["M800.571 199.429l-365.714 731.429c-6.286 12.571-18.857 20-32.571 20-2.857 0-5.714-0.571-8.571-1.143-16.571-4-28-18.286-28-35.429v-329.143h-329.143c-17.143 0-31.429-11.429-35.429-28s4-33.714 18.857-41.143l731.429-365.714c5.143-2.857 10.857-4 16.571-4 9.714 0 18.857 3.429 25.714 10.857 11.429 10.857 14.286 28 6.857 42.286z"],"width":805.1565714285713,"attrs":[],"isMulticolor":false,"isMulticolor2":false,"tags":["location-arrow"],"defaultCode":61732,"grid":14},"attrs":[],"properties":{"name":"location-arrow","id":261,"order":28,"prevSize":28,"code":61732},"setIdx":0,"setId":3,"iconIdx":261},{"icon":{"paths":["M287.986 576c8.908 0 17.77 3.698 24.096 10.928l199.918 228.478 199.918-228.478c11.636-13.3 31.856-14.65 45.154-3.010 13.3 11.638 14.648 31.854 3.010 45.154l-224 256c-6.076 6.944-14.854 10.928-24.082 10.928s-18.006-3.984-24.082-10.928l-224-256c-11.638-13.3-10.292-33.516 3.010-45.154 6.070-5.312 13.582-7.918 21.058-7.918z"],"attrs":[],"isMulticolor":false,"isMulticolor2":false,"tags":["ctrl","control"],"defaultCode":59984,"grid":16},"attrs":[],"properties":{"ligatures":"ctrl, control","name":"ctrl","order":23,"id":13,"prevSize":32,"code":59984},"setIdx":1,"setId":2,"iconIdx":13},{"icon":{"paths":["M992.262 871.396l-242.552-206.294c-25.074-22.566-51.89-32.926-73.552-31.926 57.256-67.068 91.842-154.078 91.842-249.176 0-212.078-171.922-384-384-384-212.076 0-384 171.922-384 384s171.922 384 384 384c95.098 0 182.108-34.586 249.176-91.844-1 21.662 9.36 48.478 31.926 73.552l206.294 242.552c35.322 39.246 93.022 42.554 128.22 7.356s31.892-92.898-7.354-128.22zM384 640c-141.384 0-256-114.616-256-256s114.616-256 256-256 256 114.616 256 256-114.614 256-256 256z"],"tags":["search","magnifier","magnifying-glass","inspect","find"],"defaultCode":59782,"grid":16,"attrs":[]},"attrs":[],"properties":{"ligatures":"search, magnifier","name":"search","order":19,"id":135,"prevSize":32,"code":59782},"setIdx":2,"setId":1,"iconIdx":134},{"icon":{"paths":["M755.188 64c-107.63 0-200.258 87.554-243.164 179-42.938-91.444-135.578-179-243.216-179-148.382 0-268.808 120.44-268.808 268.832 0 301.846 304.5 380.994 512.022 679.418 196.154-296.576 511.978-387.206 511.978-679.418 0-148.392-120.43-268.832-268.812-268.832z"],"tags":["heart","like","love","favorite"],"defaultCode":59866,"grid":16,"attrs":[]},"attrs":[],"properties":{"ligatures":"heart, like","name":"heart","order":24,"id":219,"prevSize":32,"code":59866},"setIdx":2,"setId":1,"iconIdx":218}],"height":1024,"metadata":{"name":"icomoon"},"preferences":{"showGlyphs":true,"showQuickUse":true,"showQuickUse2":true,"showSVGs":true,"fontPref":{"prefix":"icon-","metadata":{"fontFamily":"icomoon"},"metrics":{"emSize":1024,"baseline":6.25,"whitespace":50},"embed":false},"imagePref":{"prefix":"icon-","png":true,"useClassSelector":true,"color":0,"bgColor":16777215,"classSelector":".icon"},"historySize":50,"showCodes":true,"gridSize":16,"showLiga":false}}